wikidata_id,phd_romance,phd_germanic,phd_slavic
Q191305,7.679437201774335,8.14574070413332,8.135939747802237
Q181078,8.163486124962548,8.099617618959835,8.18078403326347
Q36823,8.503687083055537,8.569386685466313,9.300485370109818
Q27074540,8.182030371075559,8.638563954506596,8.33514895807517
Q37175,8.193343972317145,8.778477728938201,8.727762226551636
Q161140,7.48282979475361,7.846376372320934,7.7776138669048756
Q171504,8.193560643370068,8.738295412166295,7.959595024023336
Q17507,7.286263914858259,7.709006321830721,7.6927786997825205
Q8142,8.277017815557375,8.762976081335422,9.073637284436138
Q649112,8.280713939170946,8.646141401922065,7.915564600537555
Q13420597,7.068470894169058,8.276245292819759,7.410624685293227
Q429934,9.723561022065184,9.653898086019902,9.859830775928113
Q483693,8.897821248042442,8.554772186946478,8.907944216668993
Q7099,9.22928034194737,9.665398408601176,9.308019495282053
Q20075,7.819651834990931,8.61240850317746,8.348711038379067
Q220310,7.4761475372694495,8.090861619931433,7.7957591210919785
Q649817,9.319706050005504,8.799213399353512,9.170178708352925
Q1414,8.700792548426215,9.230502095481224,8.918614392713463
Q531814,9.377288802071186,9.569418200668585,9.792140773413747
Q11682,7.875646256818152,8.80647061515686,8.675492146116866
Q162202,8.778119316864473,8.783071239751926,8.457932168201946
Q241218,9.098520750344445,9.863530205084125,9.677745268387486
Q6418,8.33512185629904,8.347971087441158,8.51551605802096
Q203033,7.891214799986891,8.287758433665037,7.959130612683313
Q184903,9.355769888577468,9.300168502658673,9.258216644502873
Q1394,9.030393333850109,9.06662476738449,9.858373867988787
Q47906,8.448839084775082,8.263744208963185,8.178741786690482
Q181312,7.213787826994434,7.693756948010924,7.482605417581393
Q622424,8.002862423951727,8.334770292200803,8.822685310442239
Q1035,9.198806198534808,9.645859750416289,8.296643203662807
Q155901,8.884096136619373,8.931499570888182,8.926202392775258
Q190209,7.390834010790233,8.313255317205263,7.708139171272829
Q79762,8.81834819688594,8.85544372749544,7.695619587733754
Q747537,7.542000033185522,7.973433468138724,7.933449285792312
Q815834,8.03242569274359,8.728400465457526,8.734777821901881
Q1781285,9.212699121314854,9.021360611861851,9.409606730986464
Q185085,8.477974593253961,8.577588607776434,8.88685154246577
Q43100,7.698232310467306,8.883854857306131,8.291981932872233
Q188983,7.686354441409043,7.993635293639382,8.055696148763246
Q216640,8.632716537175643,9.082210962348544,9.035586717551496
Q663673,7.957145621536943,8.291955729362833,8.247909979355901
Q189800,9.228052467829482,9.253204177667651,9.255413170756704
Q202298,8.016004535280558,8.72965284248412,7.916845458570625
Q48,8.701925037052678,9.533660838298701,9.489257153151918
Q4525785,7.201626193344997,7.6741416607356605,7.74470522945149
Q84165,8.086427826068467,8.882847532232333,8.383869581098912
Q23384,9.007114375064315,8.795619752841999,9.07465606996907
Q977,8.42647794518206,8.185490594854658,8.080636613109505
Q569869,9.098565684253613,9.38035387816695,9.946748130879751
Q409793,8.529634980313896,8.4554705426279,8.828673199638866
Q132518,9.511441790881545,10.134998904558081,10.449545324952709
Q33837,7.324306339164202,7.926637495587929,7.707130947547945
Q147235,9.378623823835651,9.976241673779729,9.578138667900262
Q11436,9.263644984014473,8.657833800796984,9.414052456191792
Q36368,7.686503859809948,8.528783027204755,7.542734164775948
Q485679,7.288817885356971,7.423726041429939,7.25376053661569
Q28406836,8.068937854809132,8.855678918826598,9.146778584389661
Q215010,8.766456224377151,9.51365715279296,9.249845781314576
Q41137,8.01481944697958,8.738510100334569,8.327935570041372
Q170355,7.258380844469635,8.694489297747023,7.561061540021875
Q6221,9.014388341297298,9.102176419407115,8.739632780737939
Q173680,8.094583385752335,7.520727404594115,7.760630677892608
Q1454799,9.676070225805532,9.798007736730586,8.670819793760216
Q9174,9.050858624489347,9.640935760578536,8.726229771776845
Q205764,7.890529076262642,8.833374879701443,8.179812341395294
Q194417,7.929300268589245,8.469335584267077,7.929438500472692
Q162362,7.925370241092464,9.091163725675278,8.769022036165806
Q8084,8.087433576774947,8.336570250380625,8.483140770408617
Q131156,8.153319496180979,8.229506285757143,8.856082713938392
Q11419,8.483537097994944,8.937818631667795,8.627141328864777
Q185576,7.17663960272614,8.288483652756033,8.22988367115705
Q82339,9.380837332198936,10.344680744144075,8.43976538028043
Q5747,7.603324266473719,7.5165127389905715,7.879537385222884
Q152529,7.192227119664985,8.164898892058297,8.257840236647
Q81392,8.44872912914273,9.389429471795815,8.773031389513598
Q199962,7.51612878235442,8.066098199931863,7.968077566804473
Q241,8.936071508877673,8.732160015191248,9.01855685400836
Q11613,9.006996728605888,8.796245391330856,8.577796322671672
Q193462,9.542686163868822,9.808291367571872,9.387230661550872
Q607081,8.423423442520054,8.85055503289156,7.942669793559016
Q11829,8.03114810363968,8.223382352459678,7.561426090384682
Q41568,9.637007631226487,9.890614736768704,9.944544795048209
Q186323,10.387060357645293,10.310044312482159,10.235215162102584
Q648116,8.646705527168866,8.817780763231557,9.21905399937299
Q4152,8.18966073025079,8.801026236978794,9.07234858535833
Q57076990,8.90303422871323,9.523490592266498,9.852257415610099
Q80966,8.502078393761712,8.655124039323763,8.59785841072143
Q26303,8.216091046529154,8.166344009481909,8.052068031304595
Q99654,7.5614918197784675,7.721640870710776,7.793934839935977
Q217405,9.271086929916462,10.063985285552578,9.021391291546916
Q178869,10.181079009517928,10.260976928948262,9.595369817204084
Q49747,9.344738343995836,9.226254368501667,9.625162766944802
Q48584,8.460502544290517,9.083792837035533,9.595870809187318
Q72303,7.451858058360505,7.589366847499051,7.936786830010551
Q172858,7.565072603148811,8.074475374054408,7.647065737452069
Q202404,7.483995307768119,8.023826230830178,8.086546511509182
Q31057,8.751387227086916,9.665648439423908,8.895568799446487
Q237484,8.920381611066382,9.773083932739171,9.684903263676329
Q1138524,6.999424975870851,7.717612049698318,7.603067076728891
Q1988505,7.246794948722755,7.072506246458908,7.677327267278995
Q139849,7.997784596633666,8.405378903961735,8.644371675506969
Q185676,8.579532726692154,8.421025648431636,9.087669408200021
Q352,8.258053918332866,8.581183334501816,7.91665820388215
Q180089,8.728315131433266,9.126312411001738,9.224166490899524
Q80019,7.869112569196922,8.56729935119185,8.583389414583475
Q103955,9.631480510699088,9.832611683698895,10.238363253420633
Q202864,7.7351561760772425,9.251241272539964,8.281962809126565
Q464512,9.171345940927635,9.652405306718055,9.035996622969524
Q47293,7.3361364671053835,7.853940488119791,7.46435534508247
Q210872,8.198480823920757,8.50285740467878,9.450210308806339
Q40133,8.60157465646817,9.273060548953891,9.701887294954872
Q203179,7.786416447382466,9.07179828430748,7.950801561294533
Q7013,8.774219324656572,8.676166965249266,8.697778047253877
Q5151,8.31087479571596,9.448376907565354,8.607812681600205
Q185612,7.904274691186224,8.605197833083054,8.041974262628074
Q78473,7.391539633900959,7.630567037543306,7.966141814128623
Q11922,8.574306604490246,8.490373731316033,8.435809292722583
Q207,8.265025544719009,8.342137085591276,8.034015504419779
Q9368,7.916395646896181,8.599229819564217,9.212602196893208
Q742,9.92832369634866,9.140190753492778,9.22408678234214
Q44860,8.753949951377,8.61656459083689,8.475103745487175
Q11547,7.746874326045731,9.065599957440444,8.221034139824354
Q849194,8.555582865155086,9.371158458511065,9.371682924866787
Q160714,10.302722663146797,10.543895387303152,10.006272256317954
Q35216,9.75613391334529,9.602354696863527,9.606852811360884
Q153670,8.924100117021547,8.912069937704358,9.016591359439747
Q76730,8.974720704782625,8.921763497851769,8.245404373097916
Q164963,8.600708215274715,9.074018457584902,9.065087727310974
Q13634114,6.627273879076853,7.548702174366149,7.343971185105929
Q47075,9.506428413676314,10.112469606980314,9.40540213833536
Q10435,8.89235467015199,9.260698289238697,8.682095205524089
Q78987,7.211440445977943,7.996229485245339,7.641800582419277
Q1022,9.963999844637224,9.72556866328956,10.26671092764352
Q47950,8.125069678220015,8.506387857986326,8.95404956703576
Q82996,8.774839915513706,8.230066109282081,8.720554039244412
Q7836,9.389453923509002,9.483386823006066,8.666245395300002
Q2492,8.329232257146025,8.894897437669227,8.62149220344972
Q40096,9.013262001935484,10.084826565561016,8.619147118215015
Q19697,7.192116026960587,7.985963250967309,7.959572423906935
Q134180,9.09505146578715,8.510501183756244,8.98399877483574
Q327681,9.321534644575102,10.196032204829338,9.305975233575849
Q164562,9.328267723082256,9.985741298272734,8.871528665295852
Q124255,8.622817482702928,8.74071806713729,9.191496845099
Q12143,9.271125209921285,9.302219921751307,9.225105985151579
Q188951,7.143129628268682,7.735771185863776,7.803004856877729
Q1042,8.682937506780162,9.08152998488918,9.302220276945688
Q42240,8.788786042277142,8.901522416383422,8.368999627867899
Q199960,7.7457124791878496,7.982645370064718,8.586432877008782
Q872181,8.278591048821173,8.563684727542723,8.309951645854579
Q7311,7.140658048781092,7.555153782000413,7.793503826997762
Q31,8.673456156308186,9.484999865536931,9.191359500799809
Q80839,7.538123166725693,7.869260107492824,8.18762553427639
Q654136,6.620545945801207,7.455641513944519,8.124209228536905
Q162182,9.595430090206092,10.13674088131609,9.804565007912084
Q127920,7.158435418313358,8.546133756576186,7.837650329146662
Q50716,8.216990287276072,8.397174773887363,8.102645852857123
Q382393,8.202792214941725,8.107695843977524,7.726424776267084
Q163666,7.189824331984386,7.7872128551492095,7.579055158328928
Q173684,8.173172653140707,8.613767697906493,8.895637170027058
Q40504,9.59710463640324,9.634594345580112,9.587723235701464
Q132730,5.706160475605044,6.145556223813921,5.95588614184339
Q204996,9.90756654221673,9.46952882223787,9.426642813347748
Q22706,8.07507095031631,7.969960934377466,7.949466026435616
Q397,9.049284604201159,10.418607661719076,9.041557344410599
Q9232,8.314747428354675,8.75953064543346,7.946471256391975
Q3616,7.687594674568036,8.192162244403471,7.523708330304554
Q161400,9.100155228695977,9.184082785825277,9.939350605374619
Q216762,8.069193127999226,8.993151683353767,7.958053052650993
Q189962,8.795828781578335,8.437865401567079,8.324625648944103
Q2763,6.348276756512436,7.3161188350338575,6.5032346922359325
Q965705,6.699659039499027,7.195714374609589,6.901213637311338
Q172610,6.472636942900927,7.57254901071542,6.838060292806082
Q574641,8.157524829040664,8.660726886834553,8.676433834930654
Q456,9.694916290374241,10.264851785622403,9.804671554457085
Q461651,7.978280287874399,8.133570419456152,8.212310091255246
Q186162,8.546619214414498,8.82755040595868,8.634884103063648
Q495,8.969127552054106,9.535233740722443,9.251618028954042
Q1729,9.352922077363083,8.947872916221323,8.532983971126534
Q20484,8.049809233621701,7.996620372545837,8.47734985269365
Q134430,8.343824563444418,8.370185568168624,7.882825856788264
Q34661,8.079921360913115,8.537229643409809,9.0681452017552
Q242758,8.179733631881113,8.485551179447398,8.017313257352864
Q1455,7.762035516132741,8.608099839429906,8.446326186012136
Q187019,8.21483193209296,9.117051489773747,8.35658124309795
Q475689,8.972734248367452,10.10846817598811,9.373740261801156
Q124086,6.79290661046011,7.25991606518568,8.01855395150014
Q17905,8.155181453074936,8.467459874484572,8.668205518572321
Q219237,8.276444883878767,9.51228048977702,8.660377436525293
Q72911,8.50329176479422,8.54585044326838,8.045678426252344
Q133871,7.999251212029718,8.108071994295074,7.814560132616805
Q58148,9.010117311912822,9.170264659536008,9.202405243332958
Q683592,9.184861828395281,9.782845367728653,9.734574115686492
Q710,7.802387859980657,8.13666337786623,7.874966116372077
Q243381,9.257672630618252,9.743396865665659,8.71821567324111
Q83488,7.553961651216877,8.439166170366924,7.556508439804384
Q9161,8.714732762028293,8.655986263872343,8.70430436631459
Q427523,8.41773849153708,8.928547254860696,8.265311806290164
Q130812,9.346948745173652,9.448276028941924,8.868957982347652
Q3169,8.030131836863905,8.9593623709885,8.302295087542454
Q186867,8.799774822980481,9.61203565225891,9.4907259526853
Q19198,8.595441444480882,8.478979897171017,8.999497400864033
Q38142,9.362216336050663,10.011669255056272,9.87743139666278
Q589894,8.671943695247917,9.148142734678762,9.551160174465283
Q312325,7.233346181219523,8.05838665540171,6.617274048713991
Q47607,7.834818831384595,8.66559005940191,8.650265704251558
Q904,9.058689640407408,9.749001274910569,8.778268825217063
Q37302,7.281095097955046,8.605060307250142,7.635097639246435
Q919194,7.814316854545167,8.569184045407034,8.77390837366001
Q27079,8.202298458171153,9.066286557080652,8.948676365765417
Q724,8.7877726201224,9.586520811012507,8.396580788591088
Q458629,9.24163731824754,9.795981260549445,9.149755453617605
Q133622,9.151880561954432,9.376047894170155,9.161252314934975
Q445455,8.557269374520029,8.31290055776227,8.017372904433552
Q11455,8.789756502265988,8.851654744878644,8.14814955329844
Q203937,8.75452247394721,9.710761684667418,8.89004394066679
Q2042,8.947398719068284,9.36642546045115,9.149454447900101
Q590252,9.362334323769186,10.072531090236883,10.604065407887736
Q7742,10.105995278595403,10.02156070556544,8.961043252047851
Q140,8.104877019412271,8.995872530072205,8.957330045780937
Q162719,8.339226067193588,9.448565151807294,8.300134489875225
Q9215,7.85222215955274,7.827742508466304,8.398783873385858
Q9158,7.874235105759254,9.184903455274878,8.402084373361673
Q44279,7.648647764707301,7.490022658189218,7.033679402562911
Q134435,8.346319759212383,7.999528806960386,8.549676424347885
Q5806,6.365546655677701,6.713892857091615,6.758985947722833
Q200253,9.051019505999282,9.135584167628402,9.260354057435725
Q59534,9.31479998638224,9.360014276373521,9.224533389198237
Q164150,8.32977404452488,9.12824507639226,9.027973097967884
Q143447,8.066918051443851,8.329219299697755,8.643792702621429
Q185802,8.759971512239693,8.930177962736742,9.670063415614562
Q723679,9.889631286361082,10.265274653261411,9.503525516730198
Q203868,8.108650793393817,7.74526043637842,8.000229423289964
Q37105,7.864207642528482,8.24082291552256,7.985320427143513
Q311368,7.541685120572875,7.851698413316103,8.27554816350392
Q11034,8.16719218742093,7.940639823335105,8.379068538031525
Q1867,8.136904962536406,8.978601773498287,8.079059671026883
Q23548,8.361855142037285,9.199030971484147,9.247846150812105
Q153858,8.199203844850185,9.03453570588579,8.351293423917909
Q9095390,7.758257446252568,8.377773186115316,7.946044242371807
Q12131,7.693511613685715,7.911700096238838,7.778863055613131
Q176848,8.115865330969186,8.131336162242672,8.375263594137374
Q53001,9.221439560557315,8.779463038341186,7.932826789125066
Q641196,7.393711919841359,8.261005519715292,8.037800577448003
Q10884,7.69660152784987,9.006175255027198,8.040107720402784
Q316831,8.637164957027673,8.922684911447814,8.3511276818444
Q485093,8.598828312504601,8.670931205042194,9.45461250379627
Q483027,7.932910835658467,8.944258531462852,7.692492745951943
Q9106,9.408781911545406,9.364644650816278,8.96834929836191
Q238246,7.8814769261008335,8.464577792319872,9.13004503678742
Q40843,8.595215834377559,9.067701086502062,9.593551026859648
Q1943,7.63771185752057,8.711370306619736,8.908952579818203
Q199771,8.722779931317666,8.942985253194658,8.986960305856565
Q4612,8.615420902610234,8.155367509062577,8.341294742330426
Q83186,8.541833040295042,9.579815993757062,9.03211692777075
Q582667,8.164556352804228,8.789586016378058,8.919975443298322
Q189783,7.746569097261268,8.465197092247214,7.86903289726407
Q37470,8.959977066721928,9.82299768209905,9.690518731604833
Q170480,9.94205190737789,10.279267601970759,10.746230043928257
Q312571,8.442258121992797,8.669807495499745,8.74218924694975
Q25277,8.060709415100854,8.631159651657565,8.99022886663125
Q217073,9.421892229617741,9.60027125493362,9.43089237529645
Q40317,7.749604586904158,7.871196844639107,8.491089635964503
Q502781,7.802564055442318,8.482400747948963,8.704702671182627
Q740417,7.145559650430432,7.612418300771362,7.313007889203064
Q48277,8.306936202215562,9.295075020229023,8.708855345049267
Q48438,9.194740935022509,8.925731223851818,9.231979263766043
Q103474,9.536997339620996,9.461714195326275,9.937839013511397
Q1370,7.7122207027580725,8.463840432378133,7.941250945072317
Q22732,9.846139368258287,9.893386551904387,9.654712778316181
Q179530,8.585080072404388,8.840576625239073,8.658496998462489
Q148,7.704889188786749,8.135148560242339,7.814301838084527
Q323862,9.571136041876708,9.446589580788622,9.140840531169054
Q12892,8.764366751429256,9.2498410732163,8.986965391924901
Q191564,8.125570626696923,8.211213051913996,8.354215793781535
Q152946,9.011374002080224,9.462791264764702,8.65230184645309
Q229,8.538648725205473,8.63250244378646,8.540730008557267
Q33788,8.440495889776116,9.127075164989135,9.00423949267702
Q41403,9.373290157578827,9.357947737993017,10.1509110933466
Q8676,7.6521169843555725,8.448855076232347,8.616505232964954
Q168518,9.898682999318552,9.999654844362851,9.56028671815537
Q178243,7.827862379009202,8.291008528674244,8.463019920019846
Q83341,7.928484754869863,8.962620147750327,7.6151771974113895
Q107089,7.83150090337097,8.987760472290159,8.463297166134415
Q101384,8.793362915873068,9.199064736884822,8.253000235585425
Q156929,8.802080344828811,9.035379807825668,9.377339802050704
Q320389,7.4533640829848045,7.785796916702939,7.742732241476584
Q7191,9.841664801377974,9.723330958208615,8.99451719554464
Q1122789,8.044202069370584,8.19109752283425,9.563822578349798
Q313323,9.20014255417754,8.937500382440083,8.931281983558378
Q418,7.998153867380189,8.755033948061243,7.986075545978769
Q58734,8.820919928288848,8.288570010286781,7.329833298865175
Q1057,9.016909443566528,9.448358591511287,8.517776432830885
Q13580495,8.585543965341968,8.826416875778833,9.188860681581168
Q10791,8.755579916530252,9.094866344569862,8.943770318640478
Q202558,9.313156537637315,9.130420922260248,8.85601888353057
Q11365,8.911932818522828,9.611823975693111,9.480826049608368
Q45188,8.809410182414123,9.061115122416586,8.830481171779482
Q967853,8.470592911130474,8.843649077393241,8.96136794264146
Q470674,8.617475299808042,9.267869252256917,8.660191580580038
Q78491,9.290446366325368,9.227794279679852,8.514159082964882
Q108260,8.600520852050225,8.832418835389252,8.950581092579258
Q1930187,9.967644829863449,10.3381535686099,9.094595734402176
Q170980,8.196936121513314,8.534082089832388,8.507247101347524
Q683,9.648811411384642,8.973364529375573,9.750884926806917
Q20823352,7.660469037286692,8.403146130820737,8.913568426478518
Q156137,8.733892355461277,9.570690493666174,8.510610307909987
Q36050,9.593462138069293,8.602412986203808,8.76273203492937
Q35856,7.821376013700416,8.163764608142822,7.58995586582231
Q203705,9.257195639746875,10.398597880581352,9.506817959569526
Q229121,7.790540355842323,8.027137621392772,8.08879002004913
Q29588607,9.068116916439253,9.332199316228884,8.191705191190902
Q79867,9.632300948519733,9.121704583135227,9.394670866343313
Q123102,8.484305372795587,8.842202143448493,8.807221513088656
Q37828,7.282604341800319,8.039668225440423,7.942215194111988
Q14334,9.127640531723994,9.383103865590314,9.270943548236048
Q654393,7.66434748523772,9.028706152035845,8.360409512114218
Q483639,8.759024564856627,9.739532797433434,9.069368271686622
Q188488,8.060250101463774,8.754584164485998,8.806484692037436
Q794,8.527175166154379,8.6538076413464,8.664131472210961
Q28450,9.100750000626208,8.994086223089589,9.564019599037328
Q60039,9.188270897274492,9.022349800366182,9.057668465640143
Q34417,9.444262183796823,9.628781033620378,8.45011060301482
Q189097,8.157332342673643,8.668776776126702,8.426641537500965
Q186277,8.211400951078033,8.895277249101039,8.46595787675598
Q407525,8.202127361823315,9.136352344365593,8.774358485023356
Q180326,6.735121328150812,7.860099686710736,7.535199228515369
Q393,8.708045967482393,8.553980114323908,9.555366338288888
Q37122,9.121539625224035,9.429200254824963,8.806866171106986
Q11628,6.966249104844717,7.7037867127897695,8.00444929803865
Q203684,8.107532547777488,8.95662634032523,8.797957213423837
Q37147,8.273457015214332,8.330036508453368,8.18191583710274
Q29213,8.069055736122317,8.012010385266235,8.621109905728591
Q102836,7.750964013626177,8.325653496345652,7.677063659503241
Q1617,7.819821327443266,8.550285570368722,8.075084196285417
Q484534,7.190812993647777,8.050435214650397,7.621640070841751
Q9310,7.633775622142113,8.02978985387779,7.3512712705175405
Q49081,9.225631934808897,9.504141893345064,8.806021038240951
Q11838,8.313407336025909,7.955249960055923,7.723086226452799
Q83471,8.426560654232672,9.526874325586913,8.744568852832161
Q41163,9.04845222216008,8.890914499385156,9.21524170398474
Q47871,8.616567214403718,8.780123906933234,8.117658459888123
Q68833,7.488417420275526,8.683296182645023,8.191326778288179
Q211584,7.9036555684204055,8.684971203168118,8.599245153607113
Q28692,8.271608278081192,8.125456413715863,8.575160474142246
Q27477249,8.365261576149079,9.127761205385786,9.582372392678135
Q178841,7.262904088571816,7.92417748578933,8.082767578421578
Q72334,10.183637823825173,9.318337616994217,8.78628852101157
Q378957,8.659042678517407,9.622570983785995,8.802750772399735
Q83478,8.95497556905687,10.411387455901105,8.800931603650241
Q153708,9.393899507561652,8.77781463596872,8.989790160665816
Q64,7.886281599227669,8.176911219732784,8.199143316894052
Q179399,7.575369390040017,8.044802908958491,7.851938928396455
Q297252,8.725947489111533,9.450119886863256,8.956301180115757
Q2695156,9.184706398362593,9.7862469374498,9.296175645487928
Q207551,7.628865116193971,8.401276133897232,7.806498485732688
Q168497,7.635099585535474,8.229836759585531,8.108531685493706
Q2126,10.098718564604493,9.750169428747167,8.672118023809848
Q75507,7.356070545969507,7.79834073469155,7.819453587653405
Q2814,8.26683355416679,8.90943095356366,8.628217498417397
Q212180,8.899844146651672,9.723408292011776,10.368469020654558
Q43708,7.639276620116956,8.217255160857267,8.76066738418859
Q7590,9.427271772249236,9.351722572721478,9.604308466897537
Q170513,7.622601849171412,7.940400229975973,8.6021209919255
Q22686,8.699825305971702,8.429265873148687,8.27015595618137
Q238955,9.018321580193433,9.100896204119252,9.302718536270824
Q211935,7.983509680288062,9.028694266326097,8.45010711798042
Q152127,8.66660417309143,9.27297981704967,8.663206530718544
Q23556,8.67996238676135,9.16444171326988,8.883239365955136
Q239909,8.35960420341955,8.163892527187087,8.14317721628489
Q275169,8.549799826802124,8.312653294648085,8.425663061797511
Q409672,7.2295998752105595,7.829219857225341,8.310699746690283
Q380436,8.06227675618641,7.672303821612969,8.27683279059202
Q186649,8.664782221673779,8.431702862439106,9.137261773569374
Q5785,9.123030454027225,9.582252288512008,9.360645198393708
Q9021,9.019829856911162,9.457861660825055,9.060092221758076
Q276223,7.945516428243321,8.381716733342625,8.597713442679158
Q171552,8.522839181075494,8.93196735552366,7.981308552281207
Q58031,9.093266484092094,8.999424460570818,9.233689427465148
Q154242,8.50683542087761,8.618610257311898,8.602840409577386
Q190837,8.138578318460887,8.567334040752037,8.379639829678744
Q224069,9.292020719530266,9.814842622792277,9.40549862119315
Q172271,8.671923352784725,8.847157523957735,8.216365002710077
Q817281,7.302561756702602,8.188235654818637,7.127099111901144
Q2841,9.812891786392614,9.886803735123248,10.27004156584875
Q462,10.030165896199339,9.904805359996711,10.525496456631558
Q60070,8.394587925553271,8.803951581334433,8.480982251695737
Q645858,8.976542244339935,8.600308442320904,8.9424988021138
Q220890,10.35757355400518,9.870519238522736,9.490495579181832
Q192,8.739376819225596,8.521182483394258,8.160698683188416
Q382864,10.29807232908623,10.79748511865293,9.415365736744592
Q188799,8.132385397240766,8.664819866960634,8.797163551474085
Q33959,9.398364434888784,9.199824345035616,9.55645529598051
Q37594,6.775815501201732,7.670851273041155,7.612012765471212
Q14332,6.054380816754991,7.4985364170159166,6.926805442866662
Q80048,7.9008391412610095,8.409001071649516,8.095226797315327
Q43287,7.620399585808562,8.42519507663904,8.088062659436801
Q43004,8.266432172076735,8.900147951893679,9.353219684239937
Q43974,9.156922308542637,9.11087278342529,8.694819397606292
Q8577,6.827474087731016,8.70098500653652,7.4282460967843225
Q158895,7.364698647398211,8.154630386222243,7.398987544237013
Q201766,6.396425342349037,7.0789419002814,7.3967726394143085
Q460756,8.62131115858667,8.292124321209352,8.152453607708491
Q43669,7.772785940611287,8.705760387602927,7.7606223426218275
Q40730,7.0031707399309795,7.281034703677337,7.264084185130912
Q25,7.32750889967062,8.410867149386426,7.983197604868607
Q54274,9.567403794688882,10.142854274677646,9.196175068285948
Q170304,8.738971142666035,9.093472925948248,8.660680227486058
Q192615,7.312741595687363,8.00407166684295,7.605646083960437
Q128446,9.118912541306354,9.215854581082462,8.931166932078709
Q19960532,6.85942025413849,7.845397908342814,8.180599767625612
Q164546,8.259280304461019,8.349140609265081,8.485905829996033
Q3341285,8.768361693811926,8.139642968022772,8.051815683789178
Q193677,9.26168243712032,10.027671876692525,8.624104994122026
Q421084,8.418799080060602,9.437499592439806,8.614434418242602
Q11448,8.308051283529581,8.801333122073304,8.516932577378643
Q188411,9.817922394144537,10.205273837595126,9.410113491891408
Q11980,8.132724744647618,8.874744832466398,8.382293359458679
Q132265,9.078297836078637,9.759262869277034,9.761296792351214
Q130905,7.145832639241062,8.24564620400482,7.311414074911773
Q13498,8.488625851106148,8.431223525787624,8.725853511369962
Q193108,9.855420032667372,10.07214430173379,9.320922051058755
Q485048,8.871002353447636,9.744709184872118,8.664325985654711
Q801,8.468124025592653,8.339136005166779,8.228948936042872
Q428,7.867536026991385,8.244132961260028,8.358650254462756
Q208549,7.72656172333504,8.255490693529072,7.580409866235455
Q179625,8.726242409931622,9.057513746686379,9.238242132833523
Q464014,8.438920411740376,9.355538244752754,9.241965074525378
Q9333,7.88245480545444,8.195918410439191,8.036109309003033
Q545417,9.541693181286686,9.461609861683844,9.094653639308731
Q45931,7.381487990926504,8.521057129563989,8.331342048714184
Q49017,8.681151059772134,8.626731457136499,9.272894282495175
Q10886,9.170701600571832,9.267367774911833,9.100084578984402
Q207604,7.505629369749135,7.978405833365263,7.261809181273249
Q82414,7.215664690271531,8.274634325356944,8.043370383525788
Q207885,8.919244289521995,9.166039606398776,9.030725310631814
Q326240,7.7099783484667235,8.426441565740689,8.889420886035204
Q131508,8.131597853056867,9.166436901446298,8.513648303208825
Q131297,8.777013273153806,9.209305330114308,8.74177178943071
Q12192,8.462006082556897,8.602480888405523,8.938679423807436
Q1008,8.047081843032249,8.204860588107575,8.23567555852714
Q6607,8.453937292314821,8.849716975186837,8.647637269418297
Q262,8.29988374159241,8.515695990339513,8.50006473230324
Q131658,8.831794311777143,9.554282839774636,8.84886930270816
Q180832,7.545508725868751,7.820608866836467,7.046505038129937
Q1049,8.93039892340457,9.800342846991835,9.659396158284112
Q209496,9.040869886179003,9.063913580791354,9.188736847024604
Q1711,8.558782124319379,9.309008580470419,9.30059244962849
Q380492,9.328281908896356,9.567041247066244,9.039128067490129
Q673198,9.371409518212324,8.92830552379872,9.785506743440745
Q161524,7.830202245947305,8.109404379520956,8.320453861055414
Q939590,7.793815917798521,8.287141294241682,8.2086614512467
Q171692,7.823767608538358,8.54965609738046,8.16747289490138
Q216006,9.226189796309502,9.334617913842141,9.416339660911309
Q1326354,8.795184763104796,9.350106528304005,8.445324304236845
Q4097,8.590690842315905,9.188802887090615,8.698812203200744
Q34706,7.537850789649262,7.701808027686907,7.824132974979287
Q954,8.153036187151425,8.681387915738407,8.27743461805465
Q217182,9.858037902151336,9.891354100328716,9.683942380226396
Q483352,8.293483788825167,8.700025302205898,9.126384713197803
Q496939,8.253333254060594,8.754798367121179,8.3934003809465
Q275422,8.450786204141792,8.931098530563466,7.943295763280121
Q75849,9.805289315359236,10.230656557394905,9.270291622220816
Q180825,8.30278903178313,8.952766384190753,8.204348518291265
Q174640,8.94187553731118,9.2069552957473,8.80897649884109
Q160,8.115334965249657,8.774560764959201,8.743835113534887
Q132811,8.644812527153626,9.801099906209782,9.20086177318182
Q5809,9.854351622084689,9.89426064492524,8.973465429521944
Q242791,7.521963843512298,7.8413208901567515,8.167071563193275
Q778,9.012350857286478,9.864952277054332,8.824539773220298
Q855673,9.251397167344729,9.792120707833458,9.541936974507248
Q128700,7.720573220156311,8.489357074034686,7.723734262630444
Q3392,7.663882635285489,7.908150118869727,7.223112778916869
Q311739,6.882422395521669,7.5584542590222235,6.633243173397913
Q212815,7.749772404129871,8.027749433666571,8.691575207001812
Q152409,7.832728686132286,8.676210516766822,9.11411630057159
Q450675,8.065895510582738,7.877956152310834,7.78039011737221
Q1646,9.865161045442115,9.79477632514559,10.039788785168575
Q835,8.977408862028614,9.241033161627954,8.54243382776291
Q131656,8.43109100049151,7.838490349611362,8.060974515414246
Q38423,8.220573837903057,8.821328400949428,8.561464472878171
Q211544,7.270130354091055,7.513904869207725,7.151429020595823
Q1899,7.62708332628042,7.827996791833522,7.9741493270749935
Q408801,8.761890139624848,8.900865839710201,8.938024145314708
Q130585,8.667416678660816,9.114766368814536,8.892275969618018
Q10998,8.69757897153248,8.536733244845097,8.240216259166885
Q407350,7.920436833654961,8.54451740113234,7.753477412474272
Q168289,7.765372234912272,7.774196379278323,8.095480270490935
Q82409,8.81338144919982,8.807567809681377,7.9929873136152825
Q850312,9.197308954635856,8.974247311426094,8.30331228623314
Q43653,8.79579582123425,9.515767184112732,9.426222800498836
Q77888,9.359088819917922,9.551854553950879,9.248260359972274
Q827135,7.9797621741108635,7.940024458499041,8.704212384972118
Q15343,8.353509207865855,8.955991959122676,8.777888911046475
Q171969,9.73561066540497,10.165550945470796,9.803704942457628
Q273860,7.848336664900878,8.462975439208838,7.45715316206462
Q1948,8.723973788095307,9.323584015989034,8.395916040935507
Q11081,7.937620026826373,8.600675184251756,8.818969051490127
Q14060,7.547852622372436,8.515931959006812,8.483798000004162
Q11007,8.349780747432378,9.462850319733878,9.263443695688679
Q25438,8.574911696237006,8.802803990141259,8.59533497200405
